token,label
user,ID
_,ID
access_token,ACESS
api,APPID
api_key,API
api-key,API
apikey,API
app,APPID
appid,APPID
apps,APPID
auth,AUTH
auth_id,AUTH
auth_token,AUTH
auth_type,AUTH
authid,AUTH
authtoken,AUTH
callback,REFERENCE
ci_session,SESSIONID
cid,ID
client,ID
client_id,ID
clientid,ID
cms,CMSID
code,CODE
confid,AUTH
confirmation_token,TOKEN
confirmationtoken,TOKEN
conn_remote_addr,CONNECTION
content,CATEGORY
contentcategory,CATEGORY
context_document_root,CONNECTION
context_prefix,CONNECTION
data,DATA
distinct_id,INTEGERID
document_root,SERVER
end_user_id,USERID
eve,ID
event,ID
event_id,ID
events,ID
fancypants,NI
fb,FACEBOOK
feature,REFERENCE
filter,FILTER
filters,FILTER
fired,DATA
group,ID
groups,ID
guid,ACCESS
http_accept,HTTPHEADER
http_cookie,HTTPHEADER
http_forwarded,HTTPHEADER
http_host,HTTPHEADER
http_proxy_connection,HTTPHEADER
http_referer,HTTPHEADER
http_user_agent,HTTPHEADER
id,ID
info,DATA
info_id,DATA
infoid,DATA
information,DATA
information_id,DATA
ip,INTEGERID
ipv6,CONNECTION
js,JS
lat,MAP
leaderid,ID
leavemeeting,MEETINGID
lid,ID
linkedin,LINKEDIN
live_meetings,MEETINGID
ll,LANGUAGE
logged_in,BOOLEAN
loggedin,BOOLEAN
login,LOGIN
loginid,USERID
long,MAP
mail,EMAIL
map,MAP
meetid,ID
meeting_guid,MEETINGID
meeting_history,MEETINGID
meetingguid,MEETINGID
meetinghistory,MEETINGID
meetings,MEETINGID
member_id,USERID
memberid,USERID
members,USERID
mod_rewrite,SERVER
mt_id,INTEGERID
next,NAVIGATION
pagenumber,DESIGN
pagesize,DESIGN
pairing_code,ROLE
parent,REFERENCE
path_info,CONNECTION
payload,API
pc,VERSION
position,NAVIGATION
post,DATA
post_id,DATA
postid,DATA
posts,DATA
prod,ID
prod_id,ID
prodid,ID
product,ID
product_id,ID
productid,ID
pub,AUTH
q,QUERY
query,QUERY
query_string,CONNECTION
question,ID
question_id,ID
question-id,ID
questionid,ID
questions,ID
questionsid,ID
random,ID
recordings,ID
redirect,REDIRECT
redirect_uri,REDIRECT
redirecturi,REDIRECT
ref,REFERENCE
remote_addr,CONNECTION
remote_host,CONNECTION
remote_ident,CONNECTION
remote_port,CONNECTION
remote_user,CONNECTION
request_method,CONNECTION
response,RESPONSE
response_type,RESPONSE
responsetype,RESPONSE
return_uri,RETURNURL
returnuri,RETURNURL
role,NAVIGATION
role_text,ROLE
route,NAVIGATION
scope,SCOPE
scope_type,SCOPE
script_filename,CONNECTION
script_group,SERVER
script_user,SERVER
seamapi,VERSION
searchcategory,SEARCH
server_addr,SERVER
server_admin,SERVER
server_name ,SERVER
server_port,SERVER
server_protocol,SERVER
server_software,SERVER
sign_up,SIGNUP
signup,SIGNUP
sortby,DESIGN
source,SOURCE
source_id,SOURCE
source-id,SOURCE
sourceid,SOURCE
sourceid,SOURCE
success,SUCCESS
tag,TAGID
tags,TAGID
time,DATETIME
time_day,DATETIME
time_hour,DATETIME
time_min,DATETIME
time_mon,DATETIME
time_sec,DATETIME
time_wday,DATETIME
time_year,DATETIME
trips,TRIPID
type,FILETYPE
u,USERID
ui,USERINTERFACE
uid,USERID
user_access_token,ACESS
user_id,USERID
user_name,USERID
user-id,USERID
user-lists,USERID
userid,USERID
username,USERID
usertimezonedata,INTEGERID
utm_campaign,UTM
utm_content,UTM
utm_medium,UTM
utm_source,UTM
utm_term,UTM
utmac,UTM
utmcc,UTM
utmcs,UTM
utmdt,UTM
utmfl,UTM
utmhid,UTM
utmhn,UTM
utmht,UTM
utmje,UTM
utmjid,UTM
utmn,UTM
utmp,UTM
utmr,UTM
utms,UTM
utmsc,UTM
utmsr,UTM
utmu,UTM
utmul,UTM
utmvp,UTM
utmwv,UTM
v,VERSION
ver,VERSION
version,VERSION
vid,VIDEO
video,VIDEO
video_id,VIDEO
videoid,VIDEO
view,USERINTERFACE
ref_,REFERENCE
images,IMAGE
currentpageurl,REFERER
sid,INTEGERID
mid,INTEGERID
key,KEY
emailid,EMAIL
email,EMAIL
action,ACTION
account_id,INTEGERID
url,URL
referrer,REFERENCE
from,ORIGIN
token,TOKEN
home ,INTEGERID
domain,URL
oauth,AUTH
timestamp,TIME
pageid,DESIGN
pathwildcard,INTEGERID
thread,INTEGERID
csrftoken,TOKEN
id,INTEGERID
authtype,AUTH
goto,REQUEST
admin,ADMIN
e_origin,ORIGIN
e_channel,INTEGERID
_v,INTEGERID
an_user_id,USERID
paginationtoken,DESIGN
orderby,DESIGN
events[],EVENTID
events,EVENTID
event,EVENTID
eventname,EVENTID
couponids,INTEGERID
ts,ID
val0,ID
val1,ID
val2,ID
users,USERID
href,URL
fcchannel,CHANNEL
useragent,CLIENT
payment,PAYMENTID
meetinguserhome,ID
country,COUNTRY
numericmeetingid,MEETINGID
roomcode,UNIQUEID
numberofemployees,INTEGERID
password,PASSWORD
